ssad01,"['b7825bfb15fde2417692bb54ef15841693067b27', 'a489f847ceb2b12cf8c978645928e46a204c4256', '5c1776fd9f9e84539af3822b8b3c5d87f9eb2c90', '26a6d55396e790472d2514819ef98990c83c1e6c', '33b7e432e58cd7a8adc9fbc0f6f64eab373cda9e', '83e13f3ae970c7cb64451bfa5597d10f5195d883', '672ec649a39bef8b0ce8dd1390e937552c5ed4aa', '00294e214631df8b2651fd022484748001e16164', '7628d3b5ea5a96039470b6b83c4ca8f36ad9c05f', '874f7ecbf2798e429924b8aeafe4519b73c9c16c', 'fc4f8bf249678fb64adaaf536016912c13d83b52', '9bec975d36658ae892847f2d62e4c987010d4cf3', '9838ff74d0491991efe8f39cc8c1e420be79f97f', '83cfb7c2628ee7a43ba47615d294aa0e981e78cc', 'b5ea10db18aa710d064340d04c2fd2614bad90d2']"
ssad02,"['ac3f719a7f30259fda0970c8546ea38c91d92460', 'de8eda65c0d26a3a6b88021373038024e31ff213', '3b3223fe0522441b6ae5b4a7703cd13cff74f23d', '20d1c727cc93e847d181ae314c14fe7a830c67b2', '1472e6c4b8474141e20e33a09a82e4ee28786b81', '4926a082c91dda597f566f1a3e8c5c539631506d', '7a60e91a1cec128c7d74a6df168daa04995846a8', '291ec51ef73a59718ef610492d734fb37e7da3a7', 'e9eb81eaddd3649de1e1c9cae74d0ce1dc99e5f3', '52257c84dc185ba161df434cc120e459ebf4d1cf', '032a06c90be4505fc27bcfad7b72df719923d504', 'bcfc31e172c4d99ec6df8a640c434082c59c8ab3', '5c0a493e68485887da2f7a3aec3a8a97c7619d87', '7187dd445e31aa51e6c850d08113d05520c30e05', 'c47e87f062379c1e3b31291ef735758f638e297f']"
ssad03,"['aca8ac5e78762a5de99b04834c3ce11e478fc461', 'f28727310594b5aa587e39503c4b161c84bedcc9', 'fca1b1e3bb73f6b1e55b642191fdc0e7cada67aa', '0adc3330ea42b3e94f5f8abafdf8d667d3269f04', '64f9b62e8454adf2ec7e7bdc09cffbdf51666870', '6b7a5fb033734498f63c721d1dfc58883f046e1e', 'b5a871fefb13da199041542036b2b4fc20f71564', 'e0b216685cf2a9b32ece3c313320ed0b6893c02d', 'e5dbae8978e261da98d2a584eef5414ce3377336', '485eaff5f31a4711e8fdf91a68a9696b80985344', 'd71798c07dfa16caf3e6de6b84ed866c6efeee80', 'a8b733eaac54511982b052209ba1b226db5be621', 'f1f52c1db1ecd0b3418fa9aab1a51134c1333975', '415748f3c3b12018690497c616a0d0b73c9ee035', '170fbbb4e364b9fb35f1811e5db3cec6cccee1be']"
ssad04,"['601e1eef85e377aedbfdfee5ba3ca412ceb3170c', 'af84f7aed0a74a1c011e8717b25f84d99ce7923a', '1fee9fc2062a4137200662dd22ddf5143e79d30d', '20639630cc7cdec929b576924b06009ced81d1fd', 'a824de650300e255deef4333abb9efaecd45cb26', '45677163e0703ad481c4bc706c6f646791bdeb6f', '7a8cd9065cef75f20ba8b9904ccef4406dd716cb', 'bae15ac49e41a8c66598d14b1ea5cc1e8a4af193', '38af8b7be3f7ae5ddb78272e8ab1379b5ae9c446', '79c80a23341f0f2de37d0e427484c23b7c2de726', '8609b205b6142f75fabac72af92a4ffb9cdb6013', '541e5b1ef52a6cd110a726ec79223d7e39dc748a', 'e4c08b0f7bbd15292cec9d8db5b0980a83264a06', '1199d95a03a99e384a4ad7f8ea6c8748449c2bb8', 'f7d02b5f5ad1da5d20e868291755deae0b9bdb32']"
ssad05,"['9742d5e6d139a36f1ff48463faf61cc92bf14561', '790df34ac47a023441a074df4180dd8e1ff93fc7', '6dcdc4f8d920f23d1022c413c93baa1365025f25', 'bc995a7efde966164696e878e22c8a80884040a2', '9e9ff85d146dcedec165c51a16153bb79e7d021a', 'afe59cd228f5dcb23a4b7f04aea4a758d232a9ed', 'a185de7d389e5961144b0ad5311a579b2dfc1c8c', '26589f00c63f387335f5b47dbaa34d957ff62eb2', '49be672e9a1896be5b9ab10b547732820a0b075d', '7dd35105fbc83c7ef8fafc7d5a18761a34915460', '22aed5c6515667b96e4222f83cc07fa8b12d7089', '02e0d622b3569d6bba5e2132274e4a6523c555fd', '7043f841e6a849645227ed4fcef324e83c1c13e1', '81bdb38f4ee0d95a345dafef247434cbde9b3a7b', '7e10b39760ab2fc4847ec8bcb776e0a7d16def08']"
ssad06,"['9e564ba6e3c07ddb59b3dd8a17ecac41e0cbcb9a', 'ddfa3d51381d301a44db24f187a615a925113c0e', '26b50c87fb9b958a9ffcf31d6913ae654cdd25fc', 'ab3bf235aa4cb7d30c5de4520404ac957d480d70', 'bae9c7d81aebf1470cdbbe84623e8bec336afcf7', '6ce956987dca42724614e8ad32208e4bda710da4', 'fbbe704572b6a3b020e59f1a4e3deb563708d721', 'b1d9dcb581e75773f465d940cac5925cc448de48', '2fe07e607ebbdf4483af336f15fc4e551d5fb876', '5ff99d4f60ef67140aaab0b479e759706b182321', '123ddb837c5bdbee0a35e8598928dc994c38ad52', 'c01aec701a383bd88b46e00eac1d6f8269551fa4', '4a5082ed02b921bdb961688595fafb19b54606ba', '0a651fe27843c8fbe009532be2ff6458afe2164f', 'd0c288341294953fc0d55f7be3ae24cae852bc16']"
ssad07,"['5a4e226b9a5b1216d4d215acfcdc5a5a6cd133f0', '58e84e766bf0f5e9dc4193de2c806aa48c32f268', 'c78e75080fa055ca5aa52b62ca34318b9e2ddffa', '782453d5202c55efc856852eac55dc9554d5365b', '5aec1cbf6441fadf5c5a4bb613332da2bc46c0dd', 'a74c8d877db1afa82f0d330c0434fc3268624ac7', '40a89afa5d5e4a785d839e2a0c132a1dee66288f', 'c65b5078cca46853d1ff3cb696f67e1721ebcc58', '8928f15e3fa8fbe75a1dfda136b94836c8020ee9', 'b64c4b7a392a1d752fa9768be4a2154c7e55bcc0', 'f67455b792901b904c5c6e72049555a5473e6d46', '76f477cc92bc9362e2623610dc70a5d0f84275dd', 'af5f7ad178ed5eba0164e2ed24952e859f8d7642', 'f9cb459aff42e06b7f0c7e8f99386944ed303110', '052bcb0f4d25edf8dab7c06a78cbdd4df4e2368f']"
ssad08,"['af52cebe9d45ac6cbe87e82da49a7934699c2cea', 'e652fed825315135d3543e1a86ee30150f68d981', '7e34ac87d7d6a62e11e6204c619b581016bb2ba8', 'be6dd16a2a309ef656762f57ce6cfcfabab91368', '5f24da952d05b35f15585df26b9bbbe6f063c509', 'fdfb78d311884474f9a7a46b08f8ce576fc23fbf', 'aac793e9f3b6917c81e00c333d896ddd5f0382e1', 'e5dff6ecbc86b81a2717469b54faae4e695c7b11', '9b4a37adff94f0fa88bda09bcc236b1865b073e3', '6cc6bb6f6a619df221f5303147196fe758b74f10', '23463fd611c27b4f1c5d508748452981f6ee4f79', '05f2f274141f0de799034673cd630e26fac97497', 'b96ccb7b583b00941f2904e5ade39758c1fbcbea', '2e59e4d058f7bae4625c52a72aaa21469ff70491', 'f3830dd1c67a27f1cc42eed6d5e86bdfdb1f5363']"
ssad09,"['0dd256bb0894d5dec60109956bfcfc909351c773', '9fcc81be334fb6a0d09669d414017bb99dc2af5d', '4c083f4a1c90c5ba8df55aa11bdceab9c7a79269', '63d17150a9e2caa9facc087a720b247a60cf1f9c', '2006aba078f5e551be281e5c10c63ea19d6c7037', 'd2e6ade443d443bf9f59b1dfb69db36f8926dbed', '2cf6a1fdb8155496a986b6b25da95d8d33213396', '65d3502af8fde1cdf458dbe37d9142ae74b5ac30', 'fcd15993805b30c14bc97dd7ce6b12622683e52a', 'ca2a2db8f4a9f98d3aeff3a69237d7beb518fbb0', '400802c439daaf167bf11159d6c2505585377a44', '2272b7afc04c8e4b74ef6f725621cd9bf066a89c', '68e539f48afc80f533e7074f47453e6d3d2a45f8', '73ba78dfa780c3388aee3785b0e0be679ddf1016', 'f76030fad95c9e566ef41e90d2ad32b7ab0ecadc']"
ssad10,"['0150c959b5d424dbb421a9aa8d2fe5a4f80204b3', 'fdaa8ccf37e30a67a8acb5779318e94da090e27b', 'c9d6842b818aa18500235a49b78f3d75aab6374a', '6dee411fc06e7c54d242fc6bf50bca11bedcca42', 'ef9e99272b2989927557b750dd5aa655741e7260', '8d256fb8aa4c8264e27fca6039fe16b68ffb0322', '455cc74e80201aa7fc3b7bfb6ee5d9fc8f8126b9', 'dc4dad93a68b226a193e67d66f7e3f3ea87310ed', 'f6f3d4e4a84b7f853e2fc05a791e5692523122d0', '6a08d7d0574a264d3669f1a15b516dcc6d13fe3f', '47982efab562f15942e948c60ea83286a9cc59b9', 'f38b29c99b3d93e0d2b73b13c29be2adf3573303', '344cc2da3287ebd7a8a15d6c3184e831c49645b9', 'c4683ccfb9adc296422610b9d13ae5aecd08ed2d', '65ab95b2c900c84f847a7e356d056d26e4cd7c73']"
ssad11,"['44d8104c5438c76c991099833e02ef363033cb41', '88d26448db515963b881f0b5a2061dcf488f7e8b', '4c10519a35efaf2fc8a6119ea9d89ed53be3a6e5', '769c42db59691e58ea1ff29d9854d54043925171', '24ecfe5eb980243fd73c5bc0055870d53dc94fd4', '8b0ee593ea4fffa1f34eb6b063c532901f913d07', 'd1c6a6dac8a31019d03e4edec3d5895e710fca88', '471d4c1616ddd5008ab67ef38b9b4600e6ea896f', '040ebb7aa27b92289678134c116c614706640e7b', '5e483c94dd0981c08ded816243e25bc55b32ee51', '4034335fe9cfaa82d99ed111e708ac3383d14599', 'a0da78ba71d633e10fefaf3ca6428329e5656d66', 'a7f731ca8d952cf9c5a915fbc2a0028840035ca1', 'f8a8b9921a63ebc41a4d02404e687c7c5ab7c43d', '3e13ba332e4b9c85dd1499973861d37f09676f74']"
ssad12,"['0f4c8bb17bce382ed76c1db3ac44896e4d1b66bb', '7e11401056aa7b195bfb2199cd054a8b03517e35', '2a74fa8204e70a91e95b9553e770d3d086bc00d3', '3eb55796e21ed2f8ae6a563427bf2a41deabfc31', '05a4ca5cece12475f5e56077d6eaedff8fd817ab', 'c2aeb5282099a8d6e3c8a079cf3ca64b1af4d5e8', 'ca8f386b5eb1f5f7ad25a466d754ae3d52138c77', 'b376e6ab8a1b2e4b8f817a44b603e98451f32440', 'a68e6543c54625f974f19cf69b297b36d6355228', 'c0ebf5818506b643a38ae555667fdaf5b8552585', '1e992bb023f17c16e412ebc22551676c2c152887', '796be8f9a4a0aa7cfda3f5645b5c283171244285', 'f80583fdaba74fb64be9201726638efc689bd956', 'f96a5fcde52df951d9ccccc14c22ecd04a245af5', '2da821c2e83918f62540518740038bc1f32eb5f2']"
ssad13,"['c823d5f863799ed6ad68a6d228620fb4e2106a8f', '0d29cb84e61a5190acb5a245538333319013ea96', '60600e3bb630b8a6f17601c46c0ea4c9cbf67288', 'a3042e9965e380d7c4ec42b76022c1e0c55fafd6', 'ef4559045e345811c93afc3387a86728c3a0df89', 'ddadeb7a43fa9bba7a47a16801574572b473c23d', '0d903d0057e8897e9ebc081e95c9253e5d724d66', 'c8b1926342a4c1a6a3a03b57a06b3d3f39089d2d', '37730dcd266f5113a406bb375f8894b146e6f61a', '2e6034f9482b05f7934245e1ba76513cf0a54196', '854877315a324bd2f4b954f20281c3d8bbfad214', '3960eefadcadcd18b0fd7c4914b75d3be4d151a3', '925b13ae32f63a43710497c37a87d797bcb716c8', 'f3acf3969879ec4d18598795c9807be2a395db40', '2a939b272bda3ba0fac8aa75838c9ef988bc4422']"
ssad14,"['dc0ca20a1df2645c70440af1914a997115fba1d5', '9b2b38a7b081d72901183158298c72c3d81234ad', 'f0d5be2e83346c27629ef0ee9776d647c1d46a52', '609d9beaac206f67a5daeb35e1d3e47b69f11c79', '588bf98f75843c3f70d3cc8a3add6e09ddb004f4', '435649b1583627b1eb8e476828cb6e0d3da76181', '866ab36faed2226b20a9e17e89903affa6f04875', '7a81a9ed4d1640c76f0192a7a8228418c99c1f86', '4e9993b710675fef6ba8d956f81545dffa8000dd', 'b272b95948f793d4c7a46fb1a32225e23caa128b', '4d0877630a0aebafc7737b33d6659a449ae9544c', '815127740c0ec1fb33ef43990f2bbe293701fa5d', 'd8b764fa57b4074717db36dc671c3a39c20a4d60', 'e4bfaa17381157d61010c670aca288eabd33ea5d', '482db2853d960f841bf8bec3ce508932498e7ce2']"
ssad15,"['5dee72e93d712aa75db3321a44f9729bace117a3', '71e7c001a52244120ddf76a7899bed8718180ce0', 'cd73dcb36ac1933088051fa3fe7b984b5fda3451', '2afc79b4eb844878023ca9ff1715ccd99d26dd1c', '8147334e1a878c14450b619449a37bf0b2374d84', 'a790eb4493b60948b702e276ab75983974c5d833', '53cfd01ef3a20754689422ce37bdc1d93665c3d2', '49a599e11ebdd9d67f21740ef849714b3540cd0f', '17381fbdcbf900e58e8a0bad554972821386c28b', '70cdf63f4309a8f300acac9fe5ead907fb5f90dc', '589c9561be5a8a3dd368101910d5055e3d133ae4', '0579950d23f76f1d24b390d9ccd6129f29f6658f', 'df0ff2435dc74bc80561acdaa2c4c50355d69a10', '2c876941cf7083275e22f0b47786f9047e1a0c69', 'e07d7c58b054a3b6c939724267dcc2065b2c52f7']"
ssad16,"['2ce5f9730b973a97672d104e2d17f0bce8425d93', '73653f06e51ddd227e8c5eb19ee1214ae05adc4d', 'd5eadcdba4fe8f59f8967d3f209389510d1fdec2', '1929d583398aa155d214462e0ea615e9965b2a34', '8958b7ee78467e2c95606ce64cb7c46fe68c8609', 'f7a6a98123718953b9920627eee6b42a76954914', '9979f690def5167f10228647461a5c3dda4f3c8c', '4d54a78fb9647b5b8e3983da5e6b45c83ead1683', 'a70cfe109f980543eff742f101ef251fb5258f24', '11b12b80d4a36ed69472437a68a257b124f5dc9b', '4601a7571330d55b80dee353e05a7a363cbd0bf1', 'b29bc3c6a4dc8c0ca39835230ca4cff2d1087888', '9aa17e58662cf5652fa565d14c17198bd1a4fbc5', '327d6281811e739d70b0341d673fe6922678d41d', 'be5fe686be2383639d8b5cf06b14ad1fbb25111b']"
ssad17,"['31aab7570150703ecc9dfc2d6ee370df94a8bac6', 'cce856e2c091626b3ed4fe24b80ebe174712ef95', '4bbcac73699756a8dc252572e7ba07e8b65224bc', '9b02d73d094d9745b266b2a9d71a6a38e2ef45e8', 'ad25e79e1dc2744add93688f0f940558a2e88b09', 'fd94045119097bb649c961a59f4aa533beb3537f', 'c9b5a8bf960be7d420369d42ede58b7fd0bad0ce', 'bd6920954260f1113d3eef76eae5e2dbeca0aace', 'ec65029f610da1eca7da31f1e8697baf50ecba19', '57d5856d6d14cdfa5405cf8f11c101f6d9224a4c', '9079ae30273918346a0cdf914553820942fe8dc6', '600727bc17d25f52147ae428cb1dbee23a3ef779', '230466b7eb51958f0450e0900bcee09918331c12', 'd3bdb77370521713839a93b754363fa8f66293a4', 'de4b83df6a6df93556ff084db6caed2f81f67b62']"
ssad18,"['463d96e4b951fa026d17540a74eab004c84b4498', '118160da9321e585c6b60b59c5b123612823a98d', '2e1cc90026b4cee29d5bb165ab7d5583e59d66d0', '966f64b16f2a344e44d181751132607bf126556b', '41aa11fb91458b84c0258a15b60d1526d141da8a', '181436167a259967739854e99bfaa27b8fa4fa4b', '4946ce3ab92cc45a4834e8d06eb746d3a43f26c4', 'e1324de0cae2173e430bea7b11ce8adeb4fdecbb', 'f3b69fda2752ec733552e11678e16b8f856551c5', '15b12543d80fc27df1c99fab4ca720a1403a1fb2', '93a3cd49063bb05180f31c0a62dabea05ab78363', 'd985b748f564534ccd0e6891bf2f96012cc9568b', 'e0281c80f74e82281b80da91b240d8127f5b95f2', 'c92a9f67d74a89ceaa55b6c0675128187073d232', '9d4bb4cbecf0221e9fa67484b697c8711f025152']"
ssad19,"['410785d5a5a9781fa71adb1b3ae5c2510f2b894c', '0ebea2a04e1f4e112578762fe32f14e5e55e3f9b', '17761bfeb5950a506665c4369dc65d0f9e136152', 'dd979f200197d65df440a02c67d66493ab955c28', 'cd4588b3fd0b6e46ff2331aa40029a77fb5a4da9', '2392a8906ed070e23a55290aa1ead2f750dce314', '664be84dba996b319d0fe27d63871d087fa37c40', '70375ac9d2ab9eaf2c782645510136692be8f4a1', '2ee5ee76e001b0681d2e12779f0865ca14c17daa', '3f7955d8b97384446a410e0422e57b9bb7a6bebc', '87c40ea5be150f3c774976c3963b3b5620c51c3e', '34b3e8b9576ad5072fa70da88bf97bc15a0b6a2c', 'd01ba429ff920dd5925a3471553f99c8fde4b65a', '7eaadef0358427da69ecd8fe6f0a359116081d66', 'b573b13a892a3b64501dfa3d7ce178a3d3516fef']"
ssad20,"['83b65e00987de75ed223b3281a300cc5bc2e8f57', '7a42bf8e788e5904ccfeb9373b741915d3725535', 'bfd2f85a32ac62030fc70621c0e65e61d4754e76', 'e4841b39083a19c8776a6e0ef7738f18dd4e1232', '2e91c658dd34b5744b5cd07d00329f40416384b4', '121c5e222ff76b998444320215bdb5d5f8dac16d', '249655b0d3a40cc0c008768cfa7cf83c7e9550ce', '7c6f633d3f9cd18a78c5649898fb382efda37eeb', '5e80a9269fb1fdd662d9fa546df85374d68a6b41', '622aae9c41b54a7a5a736125f7a4db5a9e850ba9', '759ef198689d01253a2774d620f47e98298477c4', '81866e70cf144bf98be0ef03c555e111aa981488', 'e872644e60362e3a9720ec03fc1ee287b33f0c71', '21439bd661a475f3a13c21629310c9606362d7f2', '700ba0ece9e1662d1b1e9ae9325632d454345a6a']"
ssad21,"['100c27bcaf47b1d515a55ee453d88619133cc53a', '2f0bbe868a53ed56b3c5acdad22f4b1cafc86885', '8708e99615c54391d6c8bb9aee91883e1f82e7f2', '28efca94103f9253edb273c745a1170c55d8c875', '56f445fb2619cdab80d00d9ee1a1c70fdc65145f', '49d6b7eab32d855aa9fcef1343047d0dee3e4eed', 'b7b576d036e2d53fe772101fecad2f24a55a34e4', '1adafbac94883313809ba7ab23e6e7bded3d26eb', 'fd1cbed78c452086323e5834f356146a9faf0b39', '6ea2141e87ae2cdc30e1c1b4da8690825b5a2d80', 'adee2463c6d83d811de1fb0899fe2fdce219aabf', 'fd67c6f3bd419f4a2d7cc0f35f2f4f3f9ec89493', 'd7fa30f26f95301d69fce5028306523facc62cf9', '21218ba225e58000f1f0610bdd709722c018a8e3', '4ea165ad3c8f40a993027a53f4fd28165ac4ce7c']"
ssad22,"['10296ce3924dea99114404dfa204a3dfde4cff81', '3f359fb1284ccf2b766f5275e2f4b0c77a3a53c0', '72e14f94da1d5c1269e437c34a83803f5bd7907c', '968e7eb916f4852c7193315b50004bc5f6836c34', 'f0a7893eee90450c25ae47472c2500791c2c5439', 'e510038c37f8b9f7216d6566295f4aa039176ea6', '52a3c695ab0c91e08ca783c8ae23a33b5526ecbe', '1c61bd13f846f2234634ab3653ece346de881499', 'bdaf6b0e91a4fb7f1bf51c3eab99d74a7e0b8c24', 'd391d6892d26d461834c605b5cb71cecede869a1', 'ffea99a7af2b67de17954f1ac939c41278ef2bdf', '9732c046bb8c9e21b435f3c20d7a4e47ada23509', 'e9236580a6fcf987907266a90a6d83dfe27f4832', 'a79c11de447c3aa34c4ddcd1fe3457fa27b7a88e', '7a484fa851194ae70674d7cf2214b25df6f945be']"
ssad23,"['fe1b7d68baf0178b0d6dad03c4c8c5e96a53cf62', 'e09e1a125ef2544d9c353b2000899198fde8572d', '5fa3773588664894ef34214ce05253b4b40f9dcc', 'fa1cb1140a37bace866755bf0dff87d9cbea5f3c', '341fe46495f444ee80ea935f7c0e93f3032e91ce', '760031df44cb1ac4553c2767b3d07c1eb5027b77', 'afbe165670c32fbaafd146e0d49baabb63608c63', 'b5f3dd972078f0d6e250f5cc13c29ea03c848f83', '0c10d549e329c2552ba2117f7dbe81e83b0b7db9', '3043269f4534b7408a4677d3c3bb186b33b4025f', 'e9822b7bc528232218255787376a09802c211f4f', 'c067d03cb3082bfa455184b572dfbfcb63c42c7e', 'e81e09946310e2dfae94cdb1f74a69dd5a54940f', '954400610eb5ad3eba0925caa0d5aa7147dd5341', '420a322d8e26e0807753b464ff487c85ec23a895']"
ssad24,"['284f02a493df0fea49abf9468fa8c4fec4f044bc', '1d0187090cf987060c9a86c04ac41575100b6668', '00409c3ae7385f594e2e4b094ef88e23a02889d1', 'a5af4626f38dcadf8a64fc0edea5dedf2260c5b2', '3d6ce6b366e88bb740df0bc3bacf3eb1ecccf125', '05e1056d57b52d9ced2750e773bfc27b845c05db', '215590ec39cf9e52fd96851be2b564b3815fae37', 'fa7308b47ba795078bf5ad05bf186f0c3f8a65d6', 'f0138500db9ba7c8321fbaad524080dcd0873a39', '61ea63e894fc5048c2012b7dc3b611b7cb6b5292', '6b1db3625c58429d2d195850ddf721d10e7ef60c', '751c67f786118f07c0fefee7c8671c21f74ef956', '4f991fef94020cc0f3a66947785796349dabdc37', '3653eb80f68e7cd77c55035401f8b1b842a1a4d4', '744f41c6cd91ebc8277faf1254c0185dffec08b3']"
ssad25,"['c02814af0c163c4f8250a096720c1ac6d21c3304', '9087042ad3e3796cd8fe16c10d790cb264ff8b59', 'ecdc66fe03a201f1584654bab9c18787e2e7ea6d', 'e6f707ba19fcfed33740595f29214aec321b2f61', '397c7f5c50bfca573a55373e7ac2bcadf8b99811', 'bb7751d0fd1f8243286b49fa1882eec15ced330b', 'f929d606f5fe41d19d6582f209d4371667b94bee', '2a8d044332297442054b5f3fb8bac302738f3b8e', 'acf8eaa09c9bfbb6c462f28971546ed463251f5b', 'ea2e8e6ab56fad8a06c61ef235f33ce7e1c11281', '88425a74962f2be94e78cb3fd497e793d07d3d45', '74c9f5ab10a112a853646f9aea4d61472080f1f9', '2d7b79b8df6099f1e3056689bdf5da65b1267e6d', 'e05c6b52faca0c526aa9a4abffbc2268d111431b', 'ab916571afbc32ad6537a1281fe5ae1c8f2feac5']"
ssad26,"['0c3fd4ca9f7760ce80ed293f78fb9c7c98ad98e5', '94caa12ed8702823fd0f1d61cd29b09bb238a0ac', '5c6aff8e7f2ec5f780be29c7995f6ba0065a9834', 'e1d1d811b3061d90b808d7a70a61b03fb83448fa', '5de46e3609b61141ea571364b09251c878c525e3', 'b7d3ea209eee121c5ad9afc00d000a23a01d39ed', '0fb85b9b7cbeed32fac5e3613cf64dcff4f4abbb', '2fdbf18faf3a172c475faf5cca797c21e134660e', '522f26d7588e21436c8f66737ff3b066e332d43d', 'f58bba70b5e7c14637f442ae02d44d9b1be595e2', 'fc1e4d4d1f10277e148514127a8ffcb00fec0545', 'e95cc09ae0b0ec3e907213a540af3b96ca13b590', '074609d8d0ad3ca07bf58f07f91c18fa831c965c', '8299cb1b253c02440a8c388ae3097c35ba2df620', 'f829e21531e11778f787c739c1a40cc224da3552']"
ssad27,"['2121a31e581dfbdae9e4dbdee7adecc8fe377c77', 'ddd1a85f16b9a270262ee3f2ae3e88f29543b6d7', '95a6292c03f275f2458781248a71c4f1a02d5d2f', '9391e324b7a0a8e3347b0ffd2f943806ddc9bed0', '18ba974fe5b7bbb94807dc81432300abf9ce00c7', 'd90a71ae048fbbcbe7fc705f93a12ae1b8fe0699', 'a89338e912c2b2513790a597a9980a7d5e04d668', '128f5dd23e7f8cb5df1b4b7f4342c71ab44b0750', '60c347452c9db3ab80086da9b984f1b6987edeb1', 'cf50e0d25cbe3d25cd48098fdd3667b2c2a005d3', '4980494388feeb542f1602b86198920c5269822b', '7a373786725babf167206dd85a82d1cb6772a366', '4c08ae30d1975372a4dc00aa099750c115246cd2', 'b5b27e749439b70c95cab97f5fd30b8c186ce6e4', '20970cf84f19ab4af6b00c14b0d7db682f10968e']"
ssad28,"['de5085be4a6d5b3960847cd64d91dee7506c428f', '040132843eb6d015f1a5839a21f3003c43e41115', '44956c163cd6b72e015ded746c940eab0eaf125f', '3aec7c254ffd939abcd52383816cae43c431cf8d', 'c09201a9710b610ef08a5ec9220b43e68dc276c3', 'd890171beb65a24dfac28225c2df2e64996fdfb5', '83941f5814a31a79612fae47662e322070bda9bd', 'c1286b6811c167d658b2a9b4bc63517b237d455c', '31996faf7479eabb6c48de9ec4b21ddb28e6b0ea', 'd95b07a922cadad516f954e18be90131ed1a7d62', 'beba8bff541916e8e63931a17acd99677896ae7e', '084894c9de3f1ef0d51f9cee50fbbe97583dc4ec', 'c0817248a14696e859696a581c365e16a62d2efd', '6d3f4aed1e94869236e96a8ee5ec8586b5af1666', 'fc28579ca29608fe4a1f60c4c3fdb9e56b2d8bbb']"
ssad29,"['5b84d23006455bb38fcc8570e809c167dcd124c8', 'acde7c35787c1a2faaed1e56331f18b7d57218a5', 'ffa5342c8ea37cf9edc614d2154cd43fb442e0ce', '42b754c7c5bc608f5113d0454a98a9887dfdc16b', 'fed08bfc8d563f8e3bf8ddf356f2a102606a02f3', '8ba935378ab03bf7af261ec7c740b96c7b7ee06f', '54238bc592a70dcd08ce4138a7e021910657ec54', '19c216d1dad0aaae5282773ac7b9a5b5c4087ec6', '8aac9764f63627ce1d2339d841991a29ebcdb100', '7635fa5fd4bd69f1f0d8ee47132a143e617d2aeb', 'd7b6a5ecb97c779897de6f0d732be324b0c24929', '250a7844b5230655095390d4063dd3767da584d8', 'fa2562c104d05706d8bd64a3d5781b17ac80a5b4', 'c41e95c9b95d9dacf13308ce8174c418635b744f', '1a8acaaaf6a2ef27c1e58e77a79890cf4d16d184']"
ssad30,"['db6a91c8301a539c23626000b32a84ef6bc885e4', '11216266ccc55248b64ef5a133dd5cf081834bf6', 'fbebf61d329bac0b8c7437c4650797072cf1de37', '3dd31598b88cf3f753a20259fd31f3a8096e01ab', '11638289232f2df5a5352832e47be0bbf4c5004b', '42bad71fbbe1ec4e6d1e17a9a694417df626ef8b', '929708e61db686b24281ba2490480bb069571d6a', 'a05161ab9430f56843e9ee8c2890ab5926776774', '39f410cbad8dd5a7cc83d072bc2953d2392f01f1', '098f7cbdeccc8ce0e4b6e3c4a0799fd4497a8133', '984d2b9004f9d1e5ab9888126b6a9d3d20155ebe', '5dac4c4e06b5c4abef87205d5b34e95c9ff76a9a', '06079dca07604f216c6af5daad4d5f834c191515', '42e2fa6186b03d6378af3d0d4827818e3c10cb10', '4b366e7b46d2915262957aafb6b894dba0134f2b']"
ssad31,"['98e1c9c3a838254f97799f0328ad6b537cf69a87', '4b1a9a3fead6c5c47748e68fdc7f54a00a01f8d5', '303e03e10a4984c31fd9443a49a3ae97c8508b09', 'ebf76683dd5772ef008644d28b0dfd48d9648781', '8ea0164277b964c334d85a72d5879f29d40c115b', '2961af50ede4e3f23035d0eb18850d5a9a6579f1', '29812a136671a1cfd2308d4c6391d6ec7c431a4e', '9aad4e44b322980d4663fae85c249c0f66ee1e18', 'a4d31ed1d11028d7a060dab63281e40e7497b459', '5e4fb56af5847c2dff0f06272928e390e8037b86', 'bf980882188488144930c2f975c66d470b9122bb', '0dd03b9408fce1f6302800e33deef000ceac980a', '34b6f2bd69712953410f582558bc5612a691be68', '7c152644a380877c25c8f9b9cbb03e2d3fe970b0', '252f85996a42ee6a3d0da46c39f95950102d52a5']"
ssad32,"['f01d11984e013a720bf9c8677c88327579833067', '6ef0d043a71fc93b13e7090611f255de37ef522d', 'f0e534e16f826de05ed88183da3b5f0a0f03e6e5', '86e29a2db78e032efd7f31a2c3f27b39008ba2c3', '310a8ba1f13341d050525422867f9608e05cad64', 'bbab0ad7e0d75c20a6d4642d225147bcbc57795b', '8b3bfb48c467898e630ce67ba31e8aa6f421887a', '4b7f8159ed714663070e81fbe6d9547893f79d1d', '9438c28ee1d5a3bd5d70e697d0084d968938213c', '4768034f1d997d182b486cc356dffed5d3bc85a9', '3a478cfd0f5641c118a57bce82b75ae4ecc3261e', '3188768ff239e2799e228dabb589088839dbfdb8', 'ec18a3c65e07b6e6a11e18a1d28b371f083dcb28', '6c4d7b4507fb677ea994443e4334604099b94b6e', '989bca14e2a34118d4ba29e56cb34b4589f4c9b4']"
ssad34,"['3333e375b858650db7ce03137ace5a2f24821210', '98cefa4909ba5c1ed9864589e634647be6831376', 'f3707ed99fa7bf30c6f014321cad8c952b1f7fad', 'eef358ad7e561be5a15b5cc21f895aebd04f98b3', 'def8f67cd71f8a9c8a0413aed050ee426d794525', 'c26a0b43efc70d2bfbdc578e662c24b019dc5df4', '348b0a73993c081e3deaa50e3145e2923baaf447', '169458ce381601f827debb2f7b44e4cf05f7ca46', 'a3894e743d54ccb57148a5850bd892c6184b5809', 'd873a1f52ec8f46323534bfdf5ea1dd0b07fa101', '0c4e6c579ba35f293affed285caa6c597398c7aa', '4b46dae383622d9bde551c341b06e5ae91e7dcaa', 'c9ff64304c53512dfb2f9efc1174c4368c380ee8', '1baef472dfa4fc20143ea14f3beab55dd6aa69b8', '943fed17fa49e6084daceb3a3eff7b431f7526c0']"
ssad35,"['020bdd88c4c20347387b62ec63d3a9f7a78287b2', '8a9bf6cc1c877bad11dfb6cfaaf4a9d8f36261cf', 'bd7449e2f9da38313a1af1f2b767a0760b022c58', 'f2d23f07098c28193434aca2552e955e3968ed59', 'eddacd55f742f7815217797cc8b533a6e2f86b13', '5c67dc2563b32681e88d7bf1f11d6b7a7afe9c09', 'c4f762b393dcf152e99cbaf01abc9c01cde9a4ec', 'e4d9d3b0d9cc7f694fd96ea6c29faf319142120b', '33fa7a642d7e21128574c8ad088fd36ce5415391', 'bb6d812bca3a76f200e931f6956920487dc62fe2', 'b389238296b40d90643835490b2fc8d9739ba936', 'c552fdba00ff57f3edc8ac0dc6dae2625a083a06', '7fc02c8315beb5ee42318a66aeb68557dd58a309', 'bcbc0c92dc8fb37d477c10eec048e1543f845af9', '99d5f818b38ecbb4c631b44d471e95c851261717']"
ssad36,"['1ff85bc73a29e1813fe33a3f1ed189bc33b3b8b5', 'e3f3c63cf614784fcab91673b1cdae68743dd498', 'dce98cee09dea1d1ba59f5ccf885acd91f429d72', '3956ed1f158d80396196ee1a2755bcf737755168', '1800e4865a4b404e229997aca607f6ec97b93bde', '997eb5231b9770f7b26de27c82d4165555a6ffbc', 'bc4d28a5b9be452e182f8aafd089da3024ed0477', '70bd1dcf6ee3a76b18d938da0a123c4cfbc80417', '734df5d55cbea1bd50160f2d2849fde42aaa4163', '51d26a9ac81d854cd913c6c52665a2f766fa62ec', '2aa896392f141457e30c351b8c7c64f3090b73b8', '4338be84ed976ebf8db94ce38e8a0fa162712de8', 'b35dea926ece741d140e2afe22c2d6c550c00960', 'b22aa1382688ff9226ea8e25e9b7e081e13ed855', '0d310652d710c45f9835710accb341f0e738e187']"
ssad37,"['fc27ff661b5e9940862d16ec291f569ba7e956ee', '61e87c7c83cda8ad4cd37238a8da946d0c610488', 'b3bec1c6682cea490723319a92fbb6219a9b61a3', '93e025f87c5efbdd68e258ba86b1969aec6782a7', 'e7abe4ad2f1b46d9d78d586d62450e75766b4d46', '64a09f27fa9a3913a9b62f74febe3406c1678ca4', '7ce13ffc1e4f822524ff3d640d335797cb8b31de', '2605009bb20e105b0b6aa713af73cb5ff25b16eb', 'ddfe894103e1a89d7fb0e04127ae03b378577be0', '4841773b1262bbdc04bfc4034ec1f7f0e9812814', '0771e4cc5a19438162b3f9fe3735783a2d8167a1', 'e36d0796934429e560014632138530bbbba5abd4', '3342aeabcddf554c961799d64ef48523995d2094', '6442d37a04b55359f7eef4aff61f0f6139325449', '0e2b2e6ed20867bd8b7d913d0676040f3da7aa4a']"
ssad38,"['05a0a7816d48b1cfd47077bb5402560732e676ff', '0d0960239e7896d8a65c58005c627d8803032f29', '887446a60975f45d80863996b8dbe49861dfab18', '02162956d344aa37709ca7be3555758676506159', '9ef96badd4fdede604b759b2c1044fe3b7e0deb8', '3e98726b4ebe806ea159b40ed9930af88493388a', 'd96ea8166e23f3ff4fce8c77accf9020a4c84437', '5ecdbc1596fb176bc7dc55a63ea06001ad5f0116', 'd44efca0732d12b74552736800b6dfc0e335646e', '64d69ba2b97c6960acbc9e4a7dec5090abe04dde', '253e8df7ce7e49e726dc7c56b79747fba56bd38a', '8677935682009f5ff6294a279775200868d2d343', 'd3b372d49855bd09810f091683449ab83141f3fe', '05dfba1d0db929a83e668b6ecaec98bde2b5879c', '07cc6eb8e62134e8af1a7d9f68abf1a63ffa3c26']"
ssad39,"['e6c26c455d00212cd5526518803e7b187c4aeb77', '59bf500a4f7ace4e1215fda103194c3c28aa424a', '81184ba61170c6b8006052e29b7be75e734da173', '1d85d88a365d9e29fa5e6ce53364cb5eff15ca33', '1e0ce075d69ef2ad65481e47113244d3d423c075', '241c7a21c570276c8d0111553d5218f39d94513c', '66817176f770a7bb5b5d9055d838e4d2150b3a10', '83e00a2d6c35528fa3b19b4dbd1fcb787dd1184e', '0bb7b838a1cd5b0eaca40525735db7c99eb0b317', '456ec9ad9c9d4b3ffa35c79eb4a22e1f1318fc5d', '1429b762d6d4465471e8d7537ae8e2436fa42ec9', 'e311e584f8a743cfdb7f10006f6e0e9b3fe6bb19', '09b966bea97b56aec4d83510a73229da47b66091', 'e746007ed3d7dfafda1d4de2f980783b81323d86', '4cbdb45d0307af5853d750a1c3a53df796902205']"
ssad41,"['eda788af73123fa0975d84e10cd1e67ef6b6252b', '1659c6c15ea0409249b4eb8161c5b2b5c2e1dae7', '6864bfa5fd0b4e8a928835a02f6f9282b2d3052d', '6c6d20afc01bcde104555d0fbc916e4b7c334e8f', '84a087f25e0c55f6962386468ff5f8eec4d8c675', 'ed95acd8f7ca7a4d7571bac8c28d58e03ca1eeb3', '521991bf442284f9ea8de256286005a283d41d9d', 'db2ca689a7ddfdab303a1c63b70b69041366029e', 'abb07bbd5f26d1165f03a779ac82820559adb933', '60ed0ece29aea5e8223f7525e050e0d650a9ce99', '990b66df403e38862c4b5ed6f74d4fa631813326', '26a25f44880b992fb946df5a6c27419343380ed4', 'e195479ad066d02ad727bb05b9177c61e2d4bb13', '00bcd84d65e26fe36d6c0b0586ff49291b204d40', 'e135f86c0ce93f01e4ad90c05da6f890117a5227']"
ssad42,"['b54bf252cf8c41089ff94ca59d25b97911054bf3', 'dba6a4adeb92fd7937c1ad8025ed257b72fd7da5', 'f8bcf5369e107428197e225bd8fb6b736049dc73', '507ae69a6501c89ca2fd9abc431b7332b014374b', '75ce2eac4d48cd3345610e7d268da07568f7aa26', 'a3ea5bc8d351f3eb222f7c1fc4a125f29f729c6e', '150916d3348220b54726596505a23bb345abe8ed', '7457f9317792516dba22e94bd5f8f10b4cd9b350', '9b358cc5df2e13d0117dcc8088c62d918b608932', '4a85cc443029447521464cb4b472e400e72090fe', '596079cdec781204ad0ca6b9235c66fd16f8e7ea', 'd095e09aef89d200faa2ca7db2229732cfb2a169', 'f1bc1bd0333f1ba574fdf9ff8212ae2050865375', 'abe4a90e27a1a810f04258f81d4eb70ffecb8d06', 'df6efaef40dc571eec29c27b99e049d3ce8a85ed']"
ssad43,"['2fe7da370d8e41754dce8292fbba337dcc0021cf', 'c667e5a6a0003e3461572af5bdee699486d8d288', 'a4acdf96885c9975c045aef1bb0a4f5b73a5b81d', 'db760f95f9ccc9400ee899175338240336a075c1', 'b0fe0f341a8792c01d3a39cf38b7fee15f2769c3', 'e10f69251446c4acb2866c57f0b2c449e7b21ec2', 'ec98b4c2496a640b6512b3918020a142cf5b9026', '2ee38b688949d45d1c5ebb62a190456e133ae27d', '8475339325baf3b98d8e0292ba22334bafe74ea7', '8d532c5cf215def93fe2584843610330b83d5766', 'e6884937c1cdb81821cc95bfc54492d7c3b7e08f', 'f5ba61cc94c9b4ce1222d51b0693a617bfad348f', '88a7b1309bb0d1ebbb6fd1f02739e3afa522451c', '06a92922cba25ae78b2d3d107f91669f175362ca', 'd66153047a440b1d1c18caa0eef0d16248637f71']"
ssad44,"['a6f9dfe9b9d7aedb63ec5f66bf08bc9ba47f15f5', '96d38d22f083308fef0a9a216922e1e8c40ff5d5', '993500fe982b84db947ae5771fa18e3567255b04', '22b84c70fa72c9ef41e4642d3ea9498924eb369a', '08ace068c1197d617c524e135e698399e3d5683f', '6e9daa13594f2cd5c75b570aced58cb437437b62', 'dca12da00ce496c72f7de97ebeeafbd4ea5d9415', 'f9e08b384ba5319d5debbcbd34fd1a130e36ac41', 'c57d596bd94c6935a87d47526406e9fbc9b41e0f', '6641bbc90b6d89ab6b38bffbce09c87ae6fa9d48', 'b9c921193ddc815b0cc9c56af78d38ceba6584c2', 'eb8cbcee07562651061f3c534f115d2884dbfbbe', 'bc50e2eb4ac91ff5d066a7a7e4123ed0252d1319', 'a642a7c024e26de26a60c0bf056b9f1622864157', 'd5777fb7486f50ad03a613de9ef8e526648f5e94']"
ssad45,"['be25f38ca54e767d9d4d3ccb280525b585344294', 'e303021ff9b72f65d2dc4d03cdb67f9fb2b59010', '4715b3e5af93b6dca3010897fd3a13c7c331d7a6', 'cb1c0b6d514eac2ef37f38188a8ef411c55fb406', '11ad1b5643bc54d29d378ef333f06a37933922f3', 'b0a25cef956fd39f2e94f0c6b5b89a1e58e43904', 'df6195797ca3bb9fc7c9138f5931ac8f122be910', '033ef6d3167b1a3b3d7e3f92a3954bc030ba402d', '5cd4c6ad6140db66faae99566e1e6bd3a0cdbd47', '193502bd543daeebc3d6ffb2fe6f1a5603d5e7d8', '09198ecaccb5339ff4075befdbc99ef37a6d80c7', '49305eb3bfd3cf46235477073d18f4bcfc84c666', '5fd8534e3f88f679d4f70c2227e3a5f129b1ad1c', 'dfd7fa497765063bde151880f09c63215e288d3f', '9af6e8ea0ba02197e9a05f6cfec039ed8e44fc42']"
ssad46,"['e6be0ab4479a465c5677bf9a732744d1627b39b5', 'e6a27a56922d2823303f9dc7fb68a52e40d01031', '670d93e9a2ca254771b65c5ec3d5e6728c8c1290', '7876d2877082c14be9ec3fc5966f052d4ea7ed79', 'cc9fcc826ae03e31b8dc14e8b3ef579c2440b4ac', '2fd0e0ed2fa878bed5098601439a8c6127f1cb25', 'a2af8caf4b2a3054fd0cb97428fbe03ce60551e8', 'a01b5acebac74e4f4c6c44fa9902d80b077131d3', '807d4210eddeb84b76992f4e5c66d5b41b2e41ec', 'e4858996b4ce71c1e58a16fb4ace4aea14a9e877', 'b0b367d715a69e859a5df58479df87843aeb8fe3', '663d11230fe8d94d861604a473b427be7c45b3e2', '0a1186742e02b8339c4230a0cd206c9cf3f5b7d5', '4835dcba1586c7e4da51fdb6c296192556696885', '2cb4ace6aedc821774e3f0d9137b4ecbaddf318c']"
ssad47,"['27bda00ee85736f09e26300951de186074281977', 'e7c1893c13fdcf3c206e906141e382d8113f64f2', '70282795b252a36ba246483faac9aa4a62f93844', 'a8d5092ad6fed911b35ac111e18c4895b62167cd', 'a9d24aa799e4a3b7f5e91a900cc39b4bb3cfd410', '7ef8d6eb156edffc09701e811a173e2d7be93523', '49b6cb419aaf18e123ba09e1bf5a5b580c06139c', '9c024cb5615e50908e093d1fc6ea9b69a2afbf2c', 'b0020547c39b23af328537f363012be126bb15ff', 'e27efcc65b7da0b64eae5af539760fdb11442025', '21a8f7d564777b7ec292486a192741228976d45b', 'fbb8606c16079a9e0a70225ed757521261841cfa', '99c74ac637b62eb90da0d0a2e32c67ac7a21ff9b', 'c4c863263cbd814e230dd77998a1a0efc47587ed', 'b0ca940846b981e1512c772678282a50976fd59c']"
ssad48,"['4d2cfde6e04605c4834eb380c278af8fd4f55b0b', '253480402312a92e0c8a78aaf46998f16d374a0c', '883dc3bdca584cdad4b9b9884322d58f2b323fbf', '1365921d2647bcde79a274b38139aed9c723eef4', '974bd40ec2b0b0c05de5dfe0ae2fcf453a6745cd', '6b40ecfda2a0dc8daab142eab6a76e904ac5f99c', '8890279e4128ef28737cc2c13360a297a60ff37c', 'a83815b84dace9060bd8344cbd8e293bb4b8cf34', '671b14621600e69dad7671448751b63e0beef494', '19dc7a8b5a62fd96d50dd211b0b65e6972307965', '02d5dbbe637be20a3e481a24e085690e7536e187', 'f1e0bc3817318a5623b0a283335e52f7b75eec87', 'ca4a3b1e1f66e45c1eeebf644def13828badbb95', 'b83f085b3a5d668125cd819b9c8daa39a2a0c1c6', '9e5076ec7f7b9901e48420971c09adddefbc0785']"
